序號,原始評論,AI分析結果,分析時間
1,台中大肚全聯倉儲去年施工大火釀9死，台中地檢署今依過失致死罪嫌起訴全聯公司等17人，查出承包廠商新菱公司為趕工，陳姓監工未申請動火就命工人切割樓地板才釀災；有工人證稱，根本不知底下鋪滿易燃的PS板，坦言「若知道就不接了。」,"1. 情感分類：負面
2. 情感強度：8分
3. 核心議題：
   - 重大工安事故責任歸屬
   - 承包商趕工與違規操作導致災害
   - 工人安全意識與知情權不足
   - 企業監督管理疏失
   - 法律追責與司法程序進展
4. 關鍵詞標籤：台中大火、全聯倉儲、過失致死、趕工、動火作業、PS板、工安意識、起訴
5. 輿情特點分析：
這則文本聚焦於重大工安事故的責任釐清與人為疏失，情緒強烈且具批判性，容易引發公眾對企業管理缺失的憤怒與對工人權益的同情。同時，司法起訴的進展可能進一步激化輿論對事故責任方的譴責，並觸發對工安法規執行力度的討論。",2025-12-11 16:29:34
2,中檢起訴指出，全聯因原有肚廠區生鮮作業量大增，規畫於一旁擴建「大肚生鮮二廠」，2022年1月由全聯為起造人，互益為承造人承攬結構體營造工程，而冷凍倉儲設備發包給新菱公司，其餘工程平行發包各廠商，彼此間溝通協調，實際全由全聯工程科技部統籌。,"1. 情感分類：中立
2. 情感強度：3
3. 核心議題：工程擴建計畫、承攬商管理、工程統籌協調、發包流程、企業基礎建設
4. 關鍵詞標籤：全聯、大肚生鮮二廠、互益、新菱、發包、工程統籌、營造工程、冷凍倉儲
5. 輿情特點分析：此文本屬於事實陳述性質，未帶有明顯情緒或評價，主要呈現工程規畫與執行的流程細節。輿情風險低，但若後續涉及工程爭議或延宕，可能引發負面關注。",2025-12-11 16:29:42
3,檢方指出，施姓男子是全聯公司特助，位階僅次董事長、總經理，並兼任工程科技部最高主管，並與該部門的唐姓副理、朱姓專員等，負責大肚生鮮二廠工程。,"1. 情感分類：中立
2. 情感強度：3
3. 核心議題：
   - 職務與權力結構（施姓男子的高階職位及權責）
   - 企業內部管理（全聯公司特助、副理、專員等角色分工）
   - 工程專案涉案（大肚生鮮二廠工程相關人員）
   - 法律調查（檢方指控或調查中的角色定位）
   - 企業治理風險（高階主管涉案對公司形象的潛在影響）
4. 關鍵詞標籤：全聯、特助、工程科技部、大肚生鮮二廠、檢方、職務、涉案、高階主管
5. 輿情特點分析：
這則文本以客觀報導檢方指控為主，缺乏明顯情感色彩，但透露高階主管涉案的敏感資訊，可能引發公眾對企業內部管理及貪腐風險的關注。輿情焦點將集中於涉案人員的職權範圍與案件細節，具備進一步發酵的潛力。",2025-12-11 16:29:56
4,檢方發現，工程2024年10月16日會議發現新菱施工進度落後，唐要其提出趕工計畫，事後施也指示各廠商配合「未來進度以新菱為主」、「各節點以新菱時間為主」。,"1. 情感分類：負面
2. 情感強度：7分
3. 核心議題：
   - 工程進度落後與趕工壓力
   - 權責分配與指揮系統（唐姓主管與新菱的主導地位）
   - 施工管理失序或協調不當
   - 可能存在的利益輸送或不當指示
   - 工程品質與安全隱憂（因趕工可能衍生）
4. 關鍵詞標籤：工程進度、趕工計畫、新菱、權責分配、指示、廠商配合、節點管理、施工落後
5. 輿情特點分析：
這則文本透露出工程管理的潛在問題，尤其強調「以新菱為主」的單方面指示，易引發其他廠商或外界質疑公平性與專業性。負面情緒集中於進度失控與權力集中，可能觸發對工程品質、官商勾結或管理失職的聯想，具備輿情發酵的敏感性。",2025-12-11 16:30:05
5,12月5日新菱於地下1樓鋪設保溫用的「PS板（聚苯乙烯泡沫塑料）」，但上方有6根空調冷水管貫穿樓層，周邊配管時又需使用乙炔切割機，動火切割樓地板位置又在高度易燃的PS板正上方，火星極可能透過管道孔洞縫隙掉落引燃。,"1. 情感分類：負面
2. 情感強度：8分
3. 核心議題：
   - 施工安全隱患（動火作業與易燃材料共存）
   - 違反消防安全規範（PS板鋪設與高風險作業區域重疊）
   - 企業責任與管理疏失（未評估潛在危險或採取防護措施）
   - 職業安全風險（工人暴露於火災/爆炸危機）
   - 法規遵循問題（可能涉及建築/消防法規違反）
4. 關鍵詞標籤：PS板、動火作業、易燃材料、消防隱患、施工安全、乙炔切割、火災風險、管理疏失
5. 輿情特點分析：
這則文本呈現高度負面的輿情特徵，直接點明施工現場的重大安全漏洞，具體描述危險情境（火星掉落引燃）易引發公眾恐慌與對企業的不信任。議題聚焦於「人為疏忽導致的災難風險」，可能迅速發酵為對相關單位的質疑或譴責。",2025-12-11 16:30:13
6,檢方說，全聯、互益身為「雇主」，依職業安全衛生法第6條第1項第11款「雇主對於防止火災引起之危害應有符合規定之必要安全衛生設備及措施」，施等應注意督導廠商，在PS板灌漿前，嚴禁所有人使用明火，且非一昧以新菱施工項目優先。,"1. 情感分類：負面
2. 情感強度：7分
3. 核心議題：
   - 職業安全衛生法規責任歸屬
   - 火災防範措施執行不力
   - 雇主與承包商間的監督疏失
   - 施工現場安全管理缺失
   - 法律責任與企業社會責任
4. 關鍵詞標籤：職業安全衛生法、火災危害、雇主責任、明火禁令、施工監督、PS板灌漿、新菱優先、安全設備
5. 輿情特點分析：此文本明確指向企業（全聯、互益）在職安法下的法律責任，強調監督失職與安全措施缺失，具高度負面輿情風險。語氣嚴肅且帶有指控性，可能引發公眾對企業安全管理能力的質疑與批評。",2025-12-11 16:30:21
7,檢方查出，12日19日早上新菱為趕工，現場的藍姓副理未申請動火許可，以「點工」方式要下游廠商黃姓、陳姓工人持乙炔切割機切樓地板，周邊也沒使用防火毯；而負責安衛巡檢的林姓、楊姓人員發現後，僅以口頭警告就離去，沒有立即命停工。,"1. 情感分類：負面
2. 情感強度：8分
3. 核心議題：
   - 工安疏失與管理漏洞
   - 違規操作與動火許可制度
   - 監督不力與責任歸屬
   - 承包商與下游廠商的安全管理責任
   - 企業文化與趕工風險
4. 關鍵詞標籤：工安事故、動火許可、趕工、防火措施、口頭警告、安衛巡檢、責任歸屬、違規操作
5. 輿情特點分析：
這則文本揭露企業在工安管理上的嚴重疏失，涉及違規操作、監督不力及責任推諉等多重問題，極易引發公眾對企業安全文化的質疑與批評。情緒上呈現高度負面，可能觸發社會對職場安全與法規執行的強烈關注。",2025-12-11 16:30:30
8,檢方訊時，施表示知道鋪PS板是易燃材質且將灌漿，包商應向第三方安衛人員申請許可才能動火；朱也說，施工人員必須服從第三方安衛人員管理，否則全聯花錢請安衛人員就沒有用了。,"1. 情感分類：負面
2. 情感強度：7分
3. 核心議題：
   - 施工安全管理責任歸屬
   - 第三方安衛人員的職權與效用
   - 易燃材料使用的安全隱患
   - 承包商與業主（全聯）的安全管理協調問題
   - 法律責任與過失認定
4. 關鍵詞標籤：易燃材質、動火許可、安衛人員、施工安全、責任歸屬、第三方管理、灌漿作業、過失認定
5. 輿情特點分析：
這則文本透露出施工安全管理的漏洞與責任推諉，凸顯業主（全聯）與承包商間的監督失靈，可能引發公眾對企業安全意識的質疑。負面情緒集中於「花錢請安衛人員卻形同虛設」的諷刺性描述，容易激化輿論對企業社會責任的批評。",2025-12-11 16:30:38
9,新菱派駐現場的藍姓負責人辯稱，不一定要用防火毯，只要用一些東西去阻隔、攔阻掉就可以；現場工人證稱，當天根本不知地下1樓鋪滿PS板，坦言「如果知道就不會接這個工作了。」,"1. 情感分類：負面
2. 情感強度：8分
3. 核心議題：
   - 施工安全管理疏失
   - 現場作業資訊不透明
   - 責任歸屬與推諉
   - 防火措施標準不足
   - 勞工知情權與工作風險
4. 關鍵詞標籤：防火毯、PS板、現場工人、安全管理、資訊不透明、責任推卸、施工風險、知情權
5. 輿情特點分析：此文本凸顯企業在安全管理上的漏洞與責任模糊，工人對風險的無知反映資訊傳遞失靈，極易引發公眾對施工安全的質疑與不滿。負面情緒濃厚，具備高度輿情擴散潛力。",2025-12-11 16:30:46
